accuracy,precision,recall,f1,roc_auc,avg_precision
0.8,0.945,0.7650376,0.8450704225352113,0.5027015625,0.2001595806774654
