accuracy,precision,recall,f1,roc_auc,avg_precision
0.778,0.17647058823529413,0.03,0.05128205128205128,0.5027015625,0.2001595806774654
