accuracy,precision,recall,f1,roc_auc,avg_precision
0.85,0.945,0.7650376,0.8450704225352113,0.8027015625,0.2001595806774654
